Size,Time_sec,Operations,Status
10,0.0,1000,PASSED
50,0.0014159,125000,PASSED
100,0.012624,1000000,PASSED
500,2.3424,125000000,PASSED
1000,19.524,1000000000,PASSED
